{
  "Edit user" : {
    "transaction" : "Edit user",
    "sampleCount" : 2,
    "errorCount" : 0,
    "errorPct" : 0.0,
    "meanResTime" : 1700.5,
    "minResTime" : 1347.0,
    "maxResTime" : 2054.0,
    "pct1ResTime" : 2054.0,
    "pct2ResTime" : 2054.0,
    "pct3ResTime" : 2054.0,
    "throughput" : 0.8064516129032258,
    "receivedKBytesPerSec" : 0.24965347782258066,
    "sentKBytesPerSec" : 0.16617313508064516
  },
  "Delete channel " : {
    "transaction" : "Delete channel ",
    "sampleCount" : 2,
    "errorCount" : 0,
    "errorPct" : 0.0,
    "meanResTime" : 1771.5,
    "minResTime" : 1417.0,
    "maxResTime" : 2126.0,
    "pct1ResTime" : 2126.0,
    "pct2ResTime" : 2126.0,
    "pct3ResTime" : 2126.0,
    "throughput" : 0.7836990595611285,
    "receivedKBytesPerSec" : 0.24260996277429467,
    "sentKBytesPerSec" : 0.17143416927899685
  },
  "User" : {
    "transaction" : "User",
    "sampleCount" : 50,
    "errorCount" : 41,
    "errorPct" : 82.0,
    "meanResTime" : 1843.8400000000001,
    "minResTime" : 1133.0,
    "maxResTime" : 2538.0,
    "pct1ResTime" : 2150.8,
    "pct2ResTime" : 2424.8999999999996,
    "pct3ResTime" : 2538.0,
    "throughput" : 2.4188476609743117,
    "receivedKBytesPerSec" : 3.8400623911518554,
    "sentKBytesPerSec" : 0.29999380170286877
  },
  "Rename group " : {
    "transaction" : "Rename group ",
    "sampleCount" : 2,
    "errorCount" : 0,
    "errorPct" : 0.0,
    "meanResTime" : 1487.0,
    "minResTime" : 1276.0,
    "maxResTime" : 1698.0,
    "pct1ResTime" : 1698.0,
    "pct2ResTime" : 1698.0,
    "pct3ResTime" : 1698.0,
    "throughput" : 0.9429514380009429,
    "receivedKBytesPerSec" : 0.29190977133427626,
    "sentKBytesPerSec" : 0.20166637199434229
  },
  "Update info about user" : {
    "transaction" : "Update info about user",
    "sampleCount" : 2,
    "errorCount" : 0,
    "errorPct" : 0.0,
    "meanResTime" : 1277.0,
    "minResTime" : 356.0,
    "maxResTime" : 2198.0,
    "pct1ResTime" : 2198.0,
    "pct2ResTime" : 2198.0,
    "pct3ResTime" : 2198.0,
    "throughput" : 0.7621951219512195,
    "receivedKBytesPerSec" : 0.23595298208841461,
    "sentKBytesPerSec" : 0.15705387766768292
  },
  "RSS channels " : {
    "transaction" : "RSS channels ",
    "sampleCount" : 30,
    "errorCount" : 23,
    "errorPct" : 76.666664,
    "meanResTime" : 1833.933333333333,
    "minResTime" : 990.0,
    "maxResTime" : 2500.0,
    "pct1ResTime" : 2297.9000000000005,
    "pct2ResTime" : 2398.7999999999997,
    "pct3ResTime" : 2500.0,
    "throughput" : 1.4897949049014252,
    "receivedKBytesPerSec" : 2.241239307617818,
    "sentKBytesPerSec" : 0.32007312409991556
  },
  "Set user as admin " : {
    "transaction" : "Set user as admin ",
    "sampleCount" : 20,
    "errorCount" : 15,
    "errorPct" : 75.0,
    "meanResTime" : 1785.1499999999999,
    "minResTime" : 1062.0,
    "maxResTime" : 2342.0,
    "pct1ResTime" : 2300.5000000000005,
    "pct2ResTime" : 2340.75,
    "pct3ResTime" : 2342.0,
    "throughput" : 1.0789232346118574,
    "receivedKBytesPerSec" : 1.5951521787506069,
    "sentKBytesPerSec" : 0.22969264174353995
  },
  "Users channels list content formated to html " : {
    "transaction" : "Users channels list content formated to html ",
    "sampleCount" : 2,
    "errorCount" : 0,
    "errorPct" : 0.0,
    "meanResTime" : 1096.5,
    "minResTime" : 212.0,
    "maxResTime" : 1981.0,
    "pct1ResTime" : 1981.0,
    "pct2ResTime" : 1981.0,
    "pct3ResTime" : 1981.0,
    "throughput" : 0.8309098462816784,
    "receivedKBytesPerSec" : 0.25722502077274617,
    "sentKBytesPerSec" : 0.11197808475280432
  },
  "Login" : {
    "transaction" : "Login",
    "sampleCount" : 50,
    "errorCount" : 39,
    "errorPct" : 78.0,
    "meanResTime" : 1814.1199999999997,
    "minResTime" : 493.0,
    "maxResTime" : 2451.0,
    "pct1ResTime" : 2252.8999999999996,
    "pct2ResTime" : 2402.4,
    "pct3ResTime" : 2451.0,
    "throughput" : 2.474757473767571,
    "receivedKBytesPerSec" : 3.9281941385369232,
    "sentKBytesPerSec" : 0.5993553256780836
  },
  "Users channels list" : {
    "transaction" : "Users channels list",
    "sampleCount" : 2,
    "errorCount" : 0,
    "errorPct" : 0.0,
    "meanResTime" : 1203.0,
    "minResTime" : 920.0,
    "maxResTime" : 1486.0,
    "pct1ResTime" : 1486.0,
    "pct2ResTime" : 1486.0,
    "pct3ResTime" : 1486.0,
    "throughput" : 1.0482180293501049,
    "receivedKBytesPerSec" : 0.3244971829140461,
    "sentKBytesPerSec" : 0.1392164570230608
  },
  "Delete channel from group " : {
    "transaction" : "Delete channel from group ",
    "sampleCount" : 2,
    "errorCount" : 0,
    "errorPct" : 0.0,
    "meanResTime" : 1060.5,
    "minResTime" : 564.0,
    "maxResTime" : 1557.0,
    "pct1ResTime" : 1557.0,
    "pct2ResTime" : 1557.0,
    "pct3ResTime" : 1557.0,
    "throughput" : 1.010611419909045,
    "receivedKBytesPerSec" : 0.31285529307731175,
    "sentKBytesPerSec" : 0.22403202374936837
  },
  "Delete user as admin" : {
    "transaction" : "Delete user as admin",
    "sampleCount" : 2,
    "errorCount" : 0,
    "errorPct" : 0.0,
    "meanResTime" : 698.5,
    "minResTime" : 123.0,
    "maxResTime" : 1274.0,
    "pct1ResTime" : 1274.0,
    "pct2ResTime" : 1274.0,
    "pct3ResTime" : 1274.0,
    "throughput" : 1.1799410029498525,
    "receivedKBytesPerSec" : 0.36527470501474923,
    "sentKBytesPerSec" : 0.2535029498525074
  },
  "Get all groups  " : {
    "transaction" : "Get all groups  ",
    "sampleCount" : 2,
    "errorCount" : 0,
    "errorPct" : 0.0,
    "meanResTime" : 1238.5,
    "minResTime" : 636.0,
    "maxResTime" : 1841.0,
    "pct1ResTime" : 1841.0,
    "pct2ResTime" : 1841.0,
    "pct3ResTime" : 1841.0,
    "throughput" : 0.8830022075055187,
    "receivedKBytesPerSec" : 0.2733512693156733,
    "sentKBytesPerSec" : 0.11382450331125828
  },
  "Total" : {
    "transaction" : "Total",
    "sampleCount" : 1178,
    "errorCount" : 118,
    "errorPct" : 10.016978,
    "meanResTime" : 681.9906621392196,
    "minResTime" : 65.0,
    "maxResTime" : 2538.0,
    "pct1ResTime" : 1928.3000000000004,
    "pct2ResTime" : 2081.05,
    "pct3ResTime" : 2333.0,
    "throughput" : 11.831585713711783,
    "receivedKBytesPerSec" : 17.11488456859407,
    "sentKBytesPerSec" : 1.5120809542103573
  },
  "Add channel to group " : {
    "transaction" : "Add channel to group ",
    "sampleCount" : 2,
    "errorCount" : 0,
    "errorPct" : 0.0,
    "meanResTime" : 1271.5,
    "minResTime" : 775.0,
    "maxResTime" : 1768.0,
    "pct1ResTime" : 1768.0,
    "pct2ResTime" : 1768.0,
    "pct3ResTime" : 1768.0,
    "throughput" : 0.9124087591240876,
    "receivedKBytesPerSec" : 0.282454664689781,
    "sentKBytesPerSec" : 0.19958941605839414
  },
  "Get list of users as admin " : {
    "transaction" : "Get list of users as admin ",
    "sampleCount" : 2,
    "errorCount" : 0,
    "errorPct" : 0.0,
    "meanResTime" : 1095.5,
    "minResTime" : 846.0,
    "maxResTime" : 1345.0,
    "pct1ResTime" : 1345.0,
    "pct2ResTime" : 1345.0,
    "pct3ResTime" : 1345.0,
    "throughput" : 1.1325028312570782,
    "receivedKBytesPerSec" : 0.35058925537938845,
    "sentKBytesPerSec" : 0.14709265288788223
  },
  "Delete group  " : {
    "transaction" : "Delete group  ",
    "sampleCount" : 2,
    "errorCount" : 0,
    "errorPct" : 0.0,
    "meanResTime" : 1097.0,
    "minResTime" : 284.0,
    "maxResTime" : 1910.0,
    "pct1ResTime" : 1910.0,
    "pct2ResTime" : 1910.0,
    "pct3ResTime" : 1910.0,
    "throughput" : 0.8565310492505352,
    "receivedKBytesPerSec" : 0.2651565845824411,
    "sentKBytesPerSec" : 0.183183886509636
  },
  "Home Page" : {
    "transaction" : "Home Page",
    "sampleCount" : 1000,
    "errorCount" : 0,
    "errorPct" : 0.0,
    "meanResTime" : 493.32700000000057,
    "minResTime" : 65.0,
    "maxResTime" : 2347.0,
    "pct1ResTime" : 1595.8999999999992,
    "pct2ResTime" : 1938.9499999999998,
    "pct3ResTime" : 2149.99,
    "throughput" : 10.043790928448034,